{"cameraMode":{"drawMode":0,"name":"Shaded","section":"Shading Mode"},"sceneLighting":true,"audioPlay":false,"sceneViewState":{"m_AlwaysRefresh":false,"showFog":true,"showSkybox":true,"showFlares":true,"showImageEffects":true,"showParticleSystems":true,"showVisualEffectGraphs":true,"m_FxEnabled":true},"in2DMode":false,"pivot":{"x":-1.1080875396728516,"y":-1.6259171962738038,"z":2.134359836578369},"rotation":{"x":-0.2551431357860565,"y":-0.0063846297562122349,"z":0.001687381649389863,"w":-0.9668872356414795},"size":6.419589519500732,"orthographic":true}